{
  "libero_spatial_no_noops": {
    "action": {
      "mean": [
        0.15312460064888,
        0.13707225024700165,
        -0.15526747703552246,
        -0.005176440812647343,
        -0.011208738200366497,
        -0.02019423432648182,
        0.4578818082809448
      ],
      "std": [
        0.4127272069454193,
        0.34724459052085876,
        0.5086913704872131,
        0.037266071885824203,
        0.07244446128606796,
        0.05762380361557007,
        0.49828019738197327
      ],
      "max": [
        0.9375,
        0.9375,
        0.9375,
        0.1971428543329239,
        0.33642858266830444,
        0.375,
        1.0
      ],
      "min": [
        -0.9375,
        -0.9375,
        -0.9375,
        -0.1875,
        -0.3675000071525574,
        -0.36000001430511475,
        0.0
      ],
      "q01": [
        -0.7454732114076613,
        -0.6616071462631226,
        -0.9375,
        -0.1071428582072258,
        -0.20678570866584778,
        -0.1842857152223587,
        0.0
      ],
      "q99": [
        0.9375,
        0.8758928775787354,
        0.9321428537368774,
        0.1039285734295845,
        0.17678570747375488,
        0.14571428298950195,
        1.0
      ],
      "mask": [
        true,
        true,
        true,
        true,
        true,
        true,
        false
      ]
    },
    "proprio": {
      "mean": [
        -0.024462582543492317,
        0.10653053969144821,
        1.0580520629882812,
        3.062840461730957,
        -0.10464050620794296,
        0.08307301253080368,
        0.019954638555645943,
        -0.020162833854556084
      ],
      "std": [
        0.11014804989099503,
        0.13784700632095337,
        0.10442810505628586,
        0.10451062768697739,
        0.4112095534801483,
        0.21766957640647888,
        0.01726086437702179,
        0.017111623659729958
      ],
      "max": [
        0.1759040206670761,
        0.3904820382595062,
        1.3290715217590332,
        3.4566118717193604,
        1.2268599271774292,
        1.0429412126541138,
        0.041053611785173416,
        0.000775813648942858
      ],
      "min": [
        -0.3095473051071167,
        -0.29250794649124146,
        0.9095591306686401,
        2.497488260269165,
        -1.8006486892700195,
        -0.7207611203193665,
        -0.0004703797458205372,
        -0.041536275297403336
      ],
      "q01": [
        -0.2727657300233841,
        -0.23721413239836692,
        0.9160063165426254,
        2.77949666261673,
        -1.3187511622905732,
        -0.41989982962608335,
        0.001503719249740243,
        -0.03989770736545324
      ],
      "q99": [
        0.13529365032911292,
        0.3629165390133857,
        1.2862326657772063,
        3.2829698753356933,
        0.9332760351896285,
        0.6325724506378171,
        0.039933966137468815,
        -0.001671919699292631
      ]
    },
    "num_transitions": 52970,
    "num_trajectories": 432
  }
}